{
    "prepare_queue": {
        "installed": [],
        "uninstalled": []
    },
    "config_munge": {
        "files": {
            "res/xml/config.xml": {
                "parents": {
                    "/*": [
                        {
                            "xml": "<feature name=\"Device\"><param name=\"android-package\" value=\"org.apache.cordova.device.Device\" /></feature>",
                            "count": 1
                        },
                        {
                            "xml": "<feature name=\"SplashScreen\"><param name=\"android-package\" value=\"org.apache.cordova.splashscreen.SplashScreen\" /><param name=\"onload\" value=\"true\" /></feature>",
                            "count": 1
                        },
                        {
                            "xml": "<feature name=\"StatusBar\"><param name=\"android-package\" value=\"org.apache.cordova.statusbar.StatusBar\" /><param name=\"onload\" value=\"true\" /></feature>",
                            "count": 1
                        },
                        {
                            "xml": "<feature name=\"Whitelist\"><param name=\"android-package\" value=\"org.apache.cordova.whitelist.WhitelistPlugin\" /><param name=\"onload\" value=\"true\" /></feature>",
                            "count": 1
                        },
                        {
                            "xml": "<feature name=\"Keyboard\"><param name=\"android-package\" value=\"io.ionic.keyboard.IonicKeyboard\" /><param name=\"onload\" value=\"true\" /></feature>",
                            "count": 1
                        },
                        {
                            "xml": "<feature name=\"Battery\"><param name=\"android-package\" value=\"org.apache.cordova.batterystatus.BatteryListener\" /></feature>",
                            "count": 1
                        },
                        {
                            "xml": "<feature name=\"HeadsetDetection\"><param name=\"android-package\" value=\"nl.xservices.plugins.HeadsetDetection\" /></feature>",
                            "count": 1
                        },
                        {
                            "xml": "<feature name=\"NetworkStatus\"><param name=\"android-package\" value=\"org.apache.cordova.networkinformation.NetworkManager\" /></feature>",
                            "count": 1
                        },
                        {
                            "xml": "<feature name=\"Sim\"><param name=\"android-package\" value=\"com.pbakondy.Sim\" /></feature>",
                            "count": 1
                        },
                        {
                            "xml": "<feature name=\"Camera\"><param name=\"android-package\" value=\"org.apache.cordova.camera.CameraLauncher\" /></feature>",
                            "count": 1
                        },
                        {
                            "xml": "<feature name=\"Vibration\"><param name=\"android-package\" value=\"org.apache.cordova.vibration.Vibration\" /></feature>",
                            "count": 1
                        },
                        {
                            "xml": "<feature name=\"Accelerometer\"><param name=\"android-package\" value=\"org.apache.cordova.devicemotion.AccelListener\" /></feature>",
                            "count": 1
                        },
                        {
                            "xml": "<feature name=\"FingerprintAuth\"><param name=\"android-package\" value=\"com.cordova.plugin.android.fingerprintauth.FingerprintAuth\" /></feature>",
                            "count": 1
                        }
                    ]
                }
            },
            "AndroidManifest.xml": {
                "parents": {
                    "/manifest": [
                        {
                            "xml": "<uses-permission android:name=\"android.permission.MODIFY_AUDIO_SETTINGS\" />",
                            "count": 1
                        },
                        {
                            "xml": "<uses-permission android:name=\"android.permission.VIBRATE\" />",
                            "count": 1
                        }
                    ],
                    "/*": [
                        {
                            "xml": "<uses-permission android:name=\"android.permission.ACCESS_NETWORK_STATE\" />",
                            "count": 1
                        },
                        {
                            "xml": "<uses-permission android:name=\"android.permission.READ_PHONE_STATE\" />",
                            "count": 1
                        },
                        {
                            "xml": "<uses-permission android:name=\"android.permission.WRITE_EXTERNAL_STORAGE\" />",
                            "count": 1
                        },
                        {
                            "xml": "<uses-permission android:name=\"android.permission.USE_FINGERPRINT\" />",
                            "count": 1
                        }
                    ],
                    "/manifest/application": [
                        {
                            "xml": "<receiver android:name=\"cordova.plugins.Diagnostic$LocationProviderChangedReceiver\"><intent-filter><action android:name=\"android.location.PROVIDERS_CHANGED\" /></intent-filter></receiver>",
                            "count": 1
                        },
                        {
                            "xml": "<receiver android:name=\"cordova.plugins.Diagnostic$NFCStateChangedReceiver\"><intent-filter><action android:name=\"android.nfc.action.ADAPTER_STATE_CHANGED\" /></intent-filter></receiver>",
                            "count": 1
                        }
                    ],
                    "application": [
                        {
                            "xml": "<provider android:authorities=\"${applicationId}.provider\" android:exported=\"false\" android:grantUriPermissions=\"true\" android:name=\"android.support.v4.content.FileProvider\"><meta-data android:name=\"android.support.FILE_PROVIDER_PATHS\" android:resource=\"@xml/provider_paths\" /></provider>",
                            "count": 1
                        }
                    ]
                }
            },
            "config.xml": {
                "parents": {
                    "/*": [
                        {
                            "xml": "<feature name=\"Diagnostic\"><param name=\"android-package\" value=\"cordova.plugins.Diagnostic\" /><param name=\"onload\" value=\"true\" /></feature>",
                            "count": 1
                        }
                    ]
                }
            }
        }
    },
    "installed_plugins": {
        "cordova-plugin-console": {
            "PACKAGE_NAME": "com.ionicframework.myapp492744"
        },
        "cordova-plugin-device": {
            "PACKAGE_NAME": "com.ionicframework.myapp492744"
        },
        "cordova-plugin-splashscreen": {
            "PACKAGE_NAME": "com.ionicframework.myapp492744"
        },
        "cordova-plugin-statusbar": {
            "PACKAGE_NAME": "com.ionicframework.myapp492744"
        },
        "cordova-plugin-whitelist": {
            "PACKAGE_NAME": "com.ionicframework.myapp492744"
        },
        "ionic-plugin-keyboard": {
            "PACKAGE_NAME": "com.ionicframework.myapp492744"
        },
        "cordova-plugin-battery-status": {
            "PACKAGE_NAME": "com.ionicframework.myapp492744"
        },
        "cordova-plugin-headsetdetection": {
            "PACKAGE_NAME": "com.ionicframework.myapp492744"
        },
        "cordova-plugin-network-information": {
            "PACKAGE_NAME": "com.ionicframework.myapp492744"
        },
        "cordova-plugin-sim": {
            "PACKAGE_NAME": "com.ionicframework.myapp492744"
        },
        "cordova.plugins.diagnostic": {
            "PACKAGE_NAME": "com.ionicframework.myapp492744"
        },
        "cordova-plugin-compat": {
            "PACKAGE_NAME": "com.ionicframework.myapp492744"
        },
        "cordova-plugin-camera": {
            "PACKAGE_NAME": "com.ionicframework.myapp492744"
        },
        "cordova-plugin-vibration": {
            "PACKAGE_NAME": "com.ionicframework.myapp492744"
        },
        "cordova-plugin-device-motion": {
            "PACKAGE_NAME": "com.ionicframework.myapp492744"
        },
        "cordova-plugin-touch-id": {
            "PACKAGE_NAME": "com.ionicframework.myapp492744"
        },
        "cordova-plugin-android-fingerprint-auth": {
            "PACKAGE_NAME": "com.ionicframework.myapp492744"
        }
    },
    "dependent_plugins": {},
    "modules": [
        {
            "id": "cordova-plugin-device.device",
            "file": "plugins/cordova-plugin-device/www/device.js",
            "pluginId": "cordova-plugin-device",
            "clobbers": [
                "device"
            ]
        },
        {
            "id": "cordova-plugin-splashscreen.SplashScreen",
            "file": "plugins/cordova-plugin-splashscreen/www/splashscreen.js",
            "pluginId": "cordova-plugin-splashscreen",
            "clobbers": [
                "navigator.splashscreen"
            ]
        },
        {
            "id": "cordova-plugin-statusbar.statusbar",
            "file": "plugins/cordova-plugin-statusbar/www/statusbar.js",
            "pluginId": "cordova-plugin-statusbar",
            "clobbers": [
                "window.StatusBar"
            ]
        },
        {
            "id": "ionic-plugin-keyboard.keyboard",
            "file": "plugins/ionic-plugin-keyboard/www/android/keyboard.js",
            "pluginId": "ionic-plugin-keyboard",
            "clobbers": [
                "cordova.plugins.Keyboard"
            ],
            "runs": true
        },
        {
            "id": "cordova-plugin-battery-status.battery",
            "file": "plugins/cordova-plugin-battery-status/www/battery.js",
            "pluginId": "cordova-plugin-battery-status",
            "clobbers": [
                "navigator.battery"
            ]
        },
        {
            "id": "cordova-plugin-headsetdetection.HeadsetDetection",
            "file": "plugins/cordova-plugin-headsetdetection/www/HeadsetDetection.js",
            "pluginId": "cordova-plugin-headsetdetection",
            "clobbers": [
                "window.HeadsetDetection"
            ]
        },
        {
            "id": "cordova-plugin-network-information.network",
            "file": "plugins/cordova-plugin-network-information/www/network.js",
            "pluginId": "cordova-plugin-network-information",
            "clobbers": [
                "navigator.connection",
                "navigator.network.connection"
            ]
        },
        {
            "id": "cordova-plugin-network-information.Connection",
            "file": "plugins/cordova-plugin-network-information/www/Connection.js",
            "pluginId": "cordova-plugin-network-information",
            "clobbers": [
                "Connection"
            ]
        },
        {
            "id": "cordova-plugin-sim.Sim",
            "file": "plugins/cordova-plugin-sim/www/sim.js",
            "pluginId": "cordova-plugin-sim",
            "merges": [
                "window.plugins.sim"
            ]
        },
        {
            "id": "cordova-plugin-sim.SimAndroid",
            "file": "plugins/cordova-plugin-sim/www/android/sim.js",
            "pluginId": "cordova-plugin-sim",
            "merges": [
                "window.plugins.sim"
            ]
        },
        {
            "id": "cordova.plugins.diagnostic.Diagnostic",
            "file": "plugins/cordova.plugins.diagnostic/www/android/diagnostic.js",
            "pluginId": "cordova.plugins.diagnostic",
            "clobbers": [
                "cordova.plugins.diagnostic"
            ]
        },
        {
            "id": "cordova-plugin-camera.Camera",
            "file": "plugins/cordova-plugin-camera/www/CameraConstants.js",
            "pluginId": "cordova-plugin-camera",
            "clobbers": [
                "Camera"
            ]
        },
        {
            "id": "cordova-plugin-camera.CameraPopoverOptions",
            "file": "plugins/cordova-plugin-camera/www/CameraPopoverOptions.js",
            "pluginId": "cordova-plugin-camera",
            "clobbers": [
                "CameraPopoverOptions"
            ]
        },
        {
            "id": "cordova-plugin-camera.camera",
            "file": "plugins/cordova-plugin-camera/www/Camera.js",
            "pluginId": "cordova-plugin-camera",
            "clobbers": [
                "navigator.camera"
            ]
        },
        {
            "id": "cordova-plugin-camera.CameraPopoverHandle",
            "file": "plugins/cordova-plugin-camera/www/CameraPopoverHandle.js",
            "pluginId": "cordova-plugin-camera",
            "clobbers": [
                "CameraPopoverHandle"
            ]
        },
        {
            "id": "cordova-plugin-vibration.notification",
            "file": "plugins/cordova-plugin-vibration/www/vibration.js",
            "pluginId": "cordova-plugin-vibration",
            "merges": [
                "navigator.notification",
                "navigator"
            ]
        },
        {
            "id": "cordova-plugin-device-motion.Acceleration",
            "file": "plugins/cordova-plugin-device-motion/www/Acceleration.js",
            "pluginId": "cordova-plugin-device-motion",
            "clobbers": [
                "Acceleration"
            ]
        },
        {
            "id": "cordova-plugin-device-motion.accelerometer",
            "file": "plugins/cordova-plugin-device-motion/www/accelerometer.js",
            "pluginId": "cordova-plugin-device-motion",
            "clobbers": [
                "navigator.accelerometer"
            ]
        },
        {
            "id": "cordova-plugin-touch-id.TouchID",
            "file": "plugins/cordova-plugin-touch-id/www/TouchID.js",
            "pluginId": "cordova-plugin-touch-id",
            "clobbers": [
                "window.plugins.touchid"
            ]
        },
        {
            "id": "cordova-plugin-android-fingerprint-auth.FingerprintAuth",
            "file": "plugins/cordova-plugin-android-fingerprint-auth/www/FingerprintAuth.js",
            "pluginId": "cordova-plugin-android-fingerprint-auth",
            "clobbers": [
                "FingerprintAuth"
            ]
        }
    ],
    "plugin_metadata": {
        "cordova-plugin-console": "1.0.5",
        "cordova-plugin-device": "1.1.4",
        "cordova-plugin-splashscreen": "4.0.1",
        "cordova-plugin-statusbar": "2.2.1",
        "cordova-plugin-whitelist": "1.3.1",
        "ionic-plugin-keyboard": "2.2.1",
        "cordova-plugin-battery-status": "1.2.2",
        "cordova-plugin-headsetdetection": "3.0.0",
        "cordova-plugin-network-information": "1.3.1",
        "cordova-plugin-sim": "1.3.3",
        "cordova.plugins.diagnostic": "3.4.1",
        "cordova-plugin-compat": "1.1.0",
        "cordova-plugin-camera": "2.3.1",
        "cordova-plugin-vibration": "2.1.3",
        "cordova-plugin-device-motion": "1.2.3",
        "cordova-plugin-touch-id": "3.2.0",
        "cordova-plugin-android-fingerprint-auth": "1.2.5"
    }
}